type,forecast_horizon,look_back,units,batch_size,learning_rate,epochs_run,mse,mae,rmse,r2_score,coverage_probability (%),interval_width
window_1,1.0,60.0,128.0,64.0,0.001,10.0,4.839725280358557e-05,0.005393072415371331,0.006956813408708442,0.9479836892612239,95.91836734693877,0.02887892909348011
window_2,1.0,60.0,128.0,64.0,0.001,10.0,2.9410938709272763e-05,0.004300194893390366,0.005423185291807091,0.985591393860112,96.93251533742331,0.02361929416656494
window_3,1.0,60.0,128.0,64.0,0.001,10.0,2.0470283410607325e-05,0.0034926054429034806,0.004524409730628663,0.9286602399477266,96.3265306122449,0.019907593727111816
average,1.0,60.0,128.0,64.0,0.001,10.0,3.275949164115522e-05,0.004395290917221726,0.005634802810381399,0.9540784410230208,96.392471098869,0.024135271087288857
