type,forecast_horizon,look_back,units,batch_size,learning_rate,epochs_run,mse,mae,rmse,r2_score,coverage_probability (%),interval_width
validation,1.0,60.0,128.0,64.0,0.001,10.0,0.00027566134328600446,0.013935847952961922,0.016603052228009296,0.45863530178308265,54.37499999999999,0.028028011322021484
window_1,1.0,60.0,128.0,64.0,0.001,10.0,8.289406879564698e-05,0.007416116073727608,0.009104617992845553,0.8556792945782,97.5,0.041347384452819824
window_2,1.0,60.0,128.0,64.0,0.001,10.0,2.2209387078508945e-05,0.0036977645009756087,0.004712683638704061,0.9720662126395431,100.0,0.02675175666809082
window_3,1.0,60.0,128.0,64.0,0.001,10.0,5.931897627655669e-05,0.006200798228383065,0.007701881346564402,0.8312772439845162,98.125,0.03388714790344238
window_4,1.0,60.0,128.0,64.0,0.001,10.0,2.3523269657197825e-05,0.003901513117664265,0.004850079345453827,0.7971404914364009,98.11320754716981,0.02579677663743496
window_5,1.0,60.0,128.0,64.0,0.001,10.0,4.2379825153160354e-05,0.005343104898929591,0.006509978890377476,0.9225176572825473,97.5,0.031129956245422363
average,1.0,60.0,128.0,64.0,0.001,10.0,8.433114504117921e-05,0.006749190795440343,0.008247048906992434,0.806219366950715,90.93553459119498,0.031156837940216064
