type,forecast_horizon,look_back,units,batch_size,learning_rate,epochs_run,mse,mae,rmse,r2_score,coverage_probability (%),interval_width
window_1,1.0,60.0,128.0,64.0,0.001,10.0,0.00021168629502463606,0.011927022009479756,0.01454944311733738,0.7724841914926638,100.0,0.08529960364103317
window_2,1.0,60.0,128.0,64.0,0.001,10.0,0.0005526562353651806,0.018756332329202034,0.023508641716721547,0.7292501914051608,76.48261758691206,0.05647647753357887
window_3,1.0,60.0,128.0,64.0,0.001,10.0,0.00042112932057948046,0.018252370673782967,0.02052143563641395,-0.46765260052770774,98.9795918367347,0.08694982528686523
average,1.0,60.0,128.0,64.0,0.001,10.0,0.0003951572836564323,0.016311908337488253,0.01952650682349096,0.3446939274567056,91.82073647454892,0.07624197006225586
