type,forecast_horizon,look_back,units,batch_size,learning_rate,epochs_run,mse,mae,rmse,r2_score,coverage_probability (%),interval_width
validation,1.0,60.0,128.0,64.0,0.001,10.0,0.011446578824546205,0.10411521978676319,0.10698868549779554,-21.479661519088406,3.125,0.12215185165405273
window_1,1.0,60.0,128.0,64.0,0.001,10.0,0.0005952044014761792,0.02101052552461624,0.024396811297302343,-0.03626616884938483,100.0,0.1927410364151001
window_2,1.0,60.0,128.0,64.0,0.001,10.0,0.0010341942852866825,0.026260406523942948,0.0321588912322344,-0.30075463822918613,98.125,0.12150657176971436
window_3,1.0,60.0,128.0,64.0,0.001,10.0,0.0018148866431994648,0.03819372430443764,0.0426014863965973,-4.1621368998123005,100.0,0.2449488639831543
window_4,1.0,60.0,128.0,64.0,0.001,10.0,0.0010768267329105945,0.03119498003953658,0.03281503821284678,-8.286317124692227,100.0,0.11190498620271683
window_5,1.0,60.0,128.0,64.0,0.001,10.0,0.0012179786346342202,0.027611181512475012,0.034899550636565795,-1.2268104611145683,100.0,0.20193743705749512
average,1.0,60.0,128.0,64.0,0.001,10.0,0.0028642782536755576,0.0413976729486286,0.04564341054555703,-5.915324468631012,83.54166666666667,0.16586512327194214
