type,forecast_horizon,look_back,units,batch_size,learning_rate,epochs_run,mse,mae,rmse,r2_score,coverage_probability (%),interval_width
window_1,1.0,60.0,128.0,64.0,0.001,10.0,0.0002847563843992429,0.014454171806573868,0.016874726202200818,0.4407737687554708,45.625,0.025957107543945312
window_2,1.0,60.0,128.0,64.0,0.001,10.0,7.496893527694226e-05,0.0069174222648143765,0.008658460329466334,0.869477155831712,97.5,0.040780067443847656
window_3,1.0,60.0,128.0,64.0,0.001,10.0,2.009703088488024e-05,0.003366229683160782,0.004482971211694342,0.9747230220568307,99.375,0.02532482147216797
window_4,1.0,60.0,128.0,64.0,0.001,10.0,8.632005489583872e-05,0.0076354872435331345,0.009290858673763083,0.7544772604717113,94.375,0.03371322154998779
window_5,1.0,60.0,128.0,64.0,0.001,10.0,2.1618499772691763e-05,0.003731346730166261,0.004649569848135606,0.8135668083697448,98.11320754716981,0.024178145453333855
window_6,1.0,60.0,128.0,64.0,0.001,10.0,4.485215821889982e-05,0.0055529743432998595,0.006697175391080916,0.9179975310852585,97.5,0.03175485134124756
average,1.0,60.0,128.0,64.0,0.001,10.0,8.87688439080826e-05,0.00694293867859138,0.008442293609390182,0.7951692577617879,88.74803459119498,0.03028470277786255
