type,forecast_horizon,look_back,units,batch_size,learning_rate,epochs_run,mse,mae,rmse,r2_score,coverage_probability (%),interval_width
validation,1.0,60.0,128.0,64.0,0.001,10.0,0.0002689532701854569,0.014099010452628135,0.016399794821443863,0.4718091256004002,39.375,0.023101091384887695
window_1,1.0,60.0,128.0,64.0,0.001,10.0,6.450351470481675e-05,0.006632765755057335,0.008031408015087812,0.887697722169557,98.125,0.038367271423339844
window_2,1.0,60.0,128.0,64.0,0.001,10.0,1.9355322194147816e-05,0.0031726241111755373,0.004399468399039572,0.9756559038503302,98.125,0.024104595184326172
window_3,1.0,60.0,128.0,64.0,0.001,10.0,4.714751566861075e-05,0.005448765307664871,0.00686640485761004,0.8658968970434671,96.875,0.029920458793640137
window_4,1.0,60.0,128.0,64.0,0.001,10.0,1.7137084042132495e-05,0.003341586334900286,0.004139696129202299,0.8522135528920252,98.11320754716981,0.02200639247894287
window_5,1.0,60.0,128.0,64.0,0.001,10.0,3.378846710011537e-05,0.004674193635582918,0.005812784797333837,0.9382250970057793,96.25,0.028204679489135742
average,1.0,60.0,128.0,64.0,0.001,10.0,7.514752898254668e-05,0.006228157599501513,0.007608259503286238,0.8319163830935933,87.81053459119498,0.02761741541326046
