type,forecast_horizon,look_back,units,batch_size,learning_rate,epochs_run,mse,mae,rmse,r2_score,coverage_probability (%),interval_width
window_1,1.0,60.0,128.0,64.0,0.001,10.0,7.431375157226111e-05,0.006976459342606213,0.008620542417519974,0.920129202175282,95.3061224489796,0.03401505947113037
window_2,1.0,60.0,128.0,64.0,0.001,10.0,5.3542937876869974e-05,0.005854801044386102,0.007317304003310917,0.9737689738139137,95.50102249488752,0.0315324068069458
window_3,1.0,60.0,128.0,64.0,0.001,10.0,3.1872221558993946e-05,0.004479845081056864,0.005645548827084392,0.8889240274429565,96.93877551020408,0.02610134892165661
average,1.0,60.0,128.0,64.0,0.001,10.0,5.324297033604168e-05,0.005770368489349726,0.007194465082638427,0.9276074011440508,95.91530681802374,0.030549606308341026
