type,forecast_horizon,look_back,units,batch_size,learning_rate,epochs_run,mse,mae,rmse,r2_score,coverage_probability (%),interval_width
window_1,1.0,60.0,128.0,64.0,0.001,10.0,4.880567391363313e-05,0.005418715428332894,0.006986105776012351,0.9475447271685049,95.91836734693877,0.028927326202392578
window_2,1.0,60.0,128.0,64.0,0.001,10.0,2.9247440270544986e-05,0.0042873282130266735,0.005408090260946556,0.9856714927862769,96.93251533742331,0.02369368076324463
window_3,1.0,60.0,128.0,64.0,0.001,10.0,2.0547591861897825e-05,0.003502529008047921,0.004532945164227979,0.9283908168892154,96.73469387755102,0.019980667158961296
average,1.0,60.0,128.0,64.0,0.001,10.0,3.2866902015358646e-05,0.004402857549802496,0.005642380400395629,0.9538690122813325,96.5285255206377,0.02420055866241455
