type,forecast_horizon,look_back,units,batch_size,learning_rate,epochs_run,mse,mae,rmse,r2_score,coverage_probability (%),interval_width
window_1,1.0,60.0,128.0,64.0,0.001,10.0,4.587751397680245e-05,0.005236689898432518,0.006773294174683575,0.9506918495430984,95.91836734693877,0.02882993221282959
window_2,1.0,60.0,128.0,64.0,0.001,10.0,2.9553068804810238e-05,0.00428885404317657,0.00543627342991596,0.9855217634213331,97.13701431492842,0.024816274642944336
window_3,1.0,60.0,128.0,64.0,0.001,10.0,1.7427842972262978e-05,0.003228168341578268,0.004174666809730206,0.9392632671013394,96.93877551020408,0.018761157989501953
average,1.0,60.0,128.0,64.0,0.001,10.0,3.095280858462522e-05,0.004251237427729118,0.0054614114714432475,0.9584922933552571,96.66471905735709,0.024135788902640343
