type,forecast_horizon,look_back,units,batch_size,learning_rate,epochs_run,mse,mae,rmse,r2_score,coverage_probability (%),interval_width
window_1,1.0,60.0,128.0,64.0,0.001,10.0,0.0001416914231462115,0.009585260615056875,0.011903420648965216,0.8477131517091663,83.26530612244898,0.03340423107147217
window_2,1.0,60.0,128.0,64.0,0.001,10.0,0.00019453025097270174,0.012707398347328041,0.013947410188730441,0.9046983914295968,63.190184049079754,0.029069066047668457
window_3,1.0,60.0,128.0,64.0,0.001,10.0,3.68132798045355e-05,0.0047288639204842746,0.00606739481198772,0.8717042409568259,98.16326530612245,0.027948379516601562
average,1.0,60.0,128.0,64.0,0.001,10.0,0.0001243449846411496,0.00900717429428973,0.01063940854989446,0.8747052613651963,81.53958515921705,0.030140558257699013
