type,forecast_horizon,look_back,units,batch_size,learning_rate,epochs_run,mse,mae,rmse,r2_score,coverage_probability (%),interval_width
window_1,1.0,60.0,128.0,64.0,0.001,10.0,0.00023602687071532712,0.012518428539743229,0.01536316603813573,0.7463234721265041,100.0,0.10081255435943604
window_2,1.0,60.0,128.0,64.0,0.001,10.0,0.0014297672064861964,0.03067184689098584,0.03781226264700641,0.2995479418855661,79.75460122699386,0.11060786247253418
window_3,1.0,60.0,128.0,64.0,0.001,10.0,0.0002952339199214858,0.014521649783971354,0.0171823723601104,-0.028902071554953945,99.59183673469387,0.08643960952758789
average,1.0,60.0,128.0,64.0,0.001,10.0,0.0006536759990410031,0.01923730840490014,0.023452600348417518,0.33898978081903874,93.11547932056259,0.09928667545318604
