type,forecast_horizon,look_back,units,batch_size,learning_rate,epochs_run,mse,mae,rmse,r2_score,coverage_probability (%),interval_width
window_1,1.0,60.0,128.0,64.0,0.001,10.0,0.0013020768383800103,0.028734579621529092,0.03608430182752619,-0.39944375987225533,100.0,0.22688038647174835
window_2,1.0,60.0,128.0,64.0,0.001,10.0,0.008661286019636867,0.08138176792725951,0.0930660304280615,-3.2432191694214723,80.3680981595092,0.2809995412826538
window_3,1.0,60.0,128.0,64.0,0.001,10.0,0.001963516649037009,0.040947412471381985,0.04431158594585629,-5.842934403553925,100.0,0.18710541725158691
average,1.0,60.0,128.0,64.0,0.001,10.0,0.0039756265023512954,0.05035458667339019,0.05782063940048133,-3.1618657776158847,93.4560327198364,0.23166178166866302
