type,forecast_horizon,look_back,units,batch_size,learning_rate,epochs_run,mse,mae,rmse,r2_score,coverage_probability (%),interval_width
window_1,1.0,60.0,128.0,64.0,0.001,10.0,0.0001487947715745661,0.010061155411661887,0.012198146235168936,0.8400786278936386,86.12244897959184,0.03627407178282738
window_2,1.0,60.0,128.0,64.0,0.001,10.0,4.96356982814539e-05,0.005654386581818752,0.007045260696486248,0.9756831553700017,94.27402862985686,0.027098417282104492
window_3,1.0,60.0,128.0,64.0,0.001,10.0,2.993171062145334e-05,0.004326650196192218,0.005470988084565104,0.8956867860177217,96.53061224489797,0.02292323298752308
average,1.0,60.0,128.0,64.0,0.001,10.0,7.612072682582444e-05,0.006680730729890952,0.008238131672073429,0.903816189760454,92.30902995144889,0.02876524068415165
