type,forecast_horizon,look_back,units,batch_size,learning_rate,epochs_run,mse,mae,rmse,r2_score,coverage_probability (%),interval_width
window_1,1.0,60.0,128.0,64.0,0.001,10.0,5.2334494645115934e-05,0.0058111904835214424,0.00723425840325848,0.94375202768502,96.73469387755102,0.03062319941818714
window_2,1.0,60.0,128.0,64.0,0.001,10.0,3.395565288967707e-05,0.004615256757092622,0.00582714792069646,0.9833649094458908,96.52351738241309,0.026028871536254883
window_3,1.0,60.0,128.0,64.0,0.001,10.0,2.002240869600768e-05,0.0034299402820820685,0.004474640621994986,0.9302211013208751,97.14285714285714,0.02127384953200817
average,1.0,60.0,128.0,64.0,0.001,10.0,3.5437518743600226e-05,0.004618795840898711,0.005845348981983308,0.952446012817262,96.80035613427374,0.025975307449698448
