type,forecast_horizon,look_back,units,batch_size,learning_rate,epochs_run,mse,mae,rmse,r2_score,coverage_probability (%),interval_width
validation,1.0,60.0,128.0,64.0,0.001,10.0,0.0002103432871097155,0.012115805596113204,0.014503216440145803,0.5869118651505645,50.625,0.023247241973876953
window_1,1.0,60.0,128.0,64.0,0.001,10.0,6.314537560931921e-05,0.00654224120080471,0.007946406458854166,0.8900622772598172,98.125,0.03818809986114502
window_2,1.0,60.0,128.0,64.0,0.001,10.0,2.3025845254776024e-05,0.0035809945315122605,0.00479852532084348,0.9710393149136433,96.875,0.022729039192199707
window_3,1.0,60.0,128.0,64.0,0.001,10.0,5.206722726636137e-05,0.0057683013379573825,0.007215762417538522,0.8519036127409214,96.25,0.029866576194763184
window_4,1.0,60.0,128.0,64.0,0.001,10.0,1.6291943302764554e-05,0.0032854061456596326,0.004036327947871005,0.8595018609186603,98.11320754716981,0.02156984806060791
window_5,1.0,60.0,128.0,64.0,0.001,10.0,3.1017850577064157e-05,0.004398719593882555,0.005569367161272828,0.9432905699802869,98.125,0.027981281280517578
average,1.0,60.0,128.0,64.0,0.001,10.0,6.598192152000014e-05,0.005948578067654958,0.007344934291087633,0.8504515834939824,89.68553459119498,0.02726368047297001
