type,forecast_horizon,look_back,units,batch_size,learning_rate,epochs_run,mse,mae,rmse,r2_score,coverage_probability (%),interval_width
window_1,1.0,60.0,128.0,64.0,0.001,10.0,0.0013214083193540524,0.028935412241488087,0.036351180439623314,-0.42022081359196606,100.0,0.2299356460571289
window_2,1.0,60.0,128.0,64.0,0.001,10.0,0.00802763429806901,0.07795976227290304,0.08959706634744806,-2.9327891564190405,81.18609406952966,0.27377134561538696
window_3,1.0,60.0,128.0,64.0,0.001,10.0,0.0018317033723443833,0.03940903361962766,0.042798403852765156,-5.383559838857713,100.0,0.18395434319972992
average,1.0,60.0,128.0,64.0,0.001,10.0,0.003726915329922482,0.04876806937800626,0.05624888354661217,-2.912189936289573,93.72869802317655,0.229220449924469
