type,forecast_horizon,look_back,units,batch_size,learning_rate,epochs_run,mse,mae,rmse,r2_score,coverage_probability (%),interval_width
validation,1.0,60.0,128.0,64.0,0.001,10.0,0.0032358129047938,0.05353629812598228,0.05688420611025349,-5.354735327806264,6.25,0.04950296878814697
window_1,1.0,60.0,128.0,64.0,0.001,10.0,8.51694584109941e-05,0.007620585337281227,0.009228730054075377,0.8517177827454792,100.0,0.06481802463531494
window_2,1.0,60.0,128.0,64.0,0.001,10.0,0.00025890734709574923,0.012809427455067635,0.01609059809627191,0.6743600913313359,96.875,0.06403076648712158
window_3,1.0,60.0,128.0,64.0,0.001,10.0,0.000978317258049244,0.029625589773058892,0.03127806352780242,-1.7826573281712954,100.0,0.11598801612854004
window_4,1.0,60.0,128.0,64.0,0.001,10.0,4.08140924119252e-05,0.005434980557399726,0.006388590800162834,0.6480282354532703,100.0,0.0332028865814209
window_5,1.0,60.0,128.0,64.0,0.001,10.0,0.00017070461929369332,0.010805097594857215,0.013065397785513204,0.6879035303292207,100.0,0.08675754070281982
average,1.0,60.0,128.0,64.0,0.001,10.0,0.0007949542800092343,0.019971996473941163,0.022155931062346545,-0.7125638360197089,83.85416666666667,0.06905003637075424
