type,forecast_horizon,look_back,units,batch_size,learning_rate,epochs_run,mse,mae,rmse,r2_score,coverage_probability (%),interval_width
window_1,1.0,60.0,128.0,64.0,0.001,10.0,0.00016091981882240849,0.010317565591967835,0.012685417565945888,0.8270468918170946,95.51020408163265,0.049569424241781235
window_2,1.0,60.0,128.0,64.0,0.001,10.0,0.00016597617534905046,0.010554984181448969,0.012883174117780543,0.9186872148879944,88.5480572597137,0.040158748626708984
window_3,1.0,60.0,128.0,64.0,0.001,10.0,7.15420372484807e-05,0.0068197181030195606,0.008458252612004485,0.7506731260832118,99.18367346938776,0.04262220859527588
average,1.0,60.0,128.0,64.0,0.001,10.0,0.00013281267713997986,0.009230755958812122,0.011342281431910304,0.8321357442627669,94.4139782702447,0.0441167950630188
