type,forecast_horizon,look_back,units,batch_size,learning_rate,epochs_run,mse,mae,rmse,r2_score,coverage_probability (%),interval_width
window_1,1.0,60.0,128.0,64.0,0.001,10.0,0.0011935672570421358,0.026349373374666488,0.03454804273822377,-0.2828200307545725,98.36734693877551,0.14957238733768463
window_2,1.0,60.0,128.0,64.0,0.001,10.0,7.501868100439665e-05,0.007090541970266641,0.008661332518983246,0.9632478705147396,100.0,0.12423788756132126
window_3,1.0,60.0,128.0,64.0,0.001,10.0,3.9441614302759835e-05,0.005089754839332736,0.006280255910610637,0.8625443896406846,100.0,0.1001739501953125
average,1.0,60.0,128.0,64.0,0.001,10.0,0.0004360091841164307,0.01284322339475529,0.016496543722605884,0.5143240764669506,99.45578231292518,0.1246614083647728
