type,forecast_horizon,look_back,units,batch_size,learning_rate,epochs_run,mse,mae,rmse,r2_score,coverage_probability (%),interval_width
window_1,1.0,60.0,128.0,64.0,0.001,10.0,0.0017469359157557469,0.03426121684678219,0.04179636247038427,0.8997936843439579,95.91836734693877,0.16395330429077148
window_2,1.0,60.0,128.0,64.0,0.001,10.0,0.0007185319970201466,0.021378017667899048,0.026805447152027637,0.9723271880330513,97.75051124744377,0.12330794334411621
window_3,1.0,60.0,128.0,64.0,0.001,10.0,0.0006849411308559486,0.021223944355726748,0.026171379995253374,0.8593718046212029,97.14285714285714,0.11904535442590714
average,1.0,60.0,128.0,64.0,0.001,10.0,0.0010501363478772807,0.02562105962346933,0.03159106320588843,0.910497558999404,96.93724524574657,0.1354355365037918
