type,forecast_horizon,look_back,units,batch_size,learning_rate,epochs_run,mse,mae,rmse,r2_score,coverage_probability (%),interval_width
validation,1.0,60.0,128.0,64.0,0.001,10.0,0.010039628437268067,0.09762535504996776,0.10019794627270595,-18.71658541006447,3.125,0.11826395988464355
window_1,1.0,60.0,128.0,64.0,0.001,10.0,0.0005963418369028473,0.020961253717541695,0.02442011132044339,-0.03824647317674468,100.0,0.19377875328063965
window_2,1.0,60.0,128.0,64.0,0.001,10.0,0.0010249975365997032,0.026259613409638404,0.032015582715291986,-0.2891874562389083,98.125,0.12136650085449219
window_3,1.0,60.0,128.0,64.0,0.001,10.0,0.001880428566542225,0.03910125121474266,0.04336390857086368,-4.348559772138849,100.0,0.24278250336647034
window_4,1.0,60.0,128.0,64.0,0.001,10.0,0.0013025978074003267,0.03444858766951651,0.03609151988210425,-10.233317260570386,100.0,0.11950958520174026
window_5,1.0,60.0,128.0,64.0,0.001,10.0,0.001119081225917928,0.02639230154454708,0.03345267143170973,-1.0459979426973631,100.0,0.19714823365211487
average,1.0,60.0,128.0,64.0,0.001,10.0,0.0026605125684385166,0.04079806043432568,0.044923623365519826,-5.7786490524811205,83.54166666666667,0.16547490656375885
