type,forecast_horizon,look_back,units,batch_size,learning_rate,epochs_run,mse,mae,rmse,r2_score,coverage_probability (%),interval_width
window_1,1.0,60.0,128.0,64.0,0.001,10.0,0.00010374923162821403,0.008078506893041182,0.010185736675774318,0.8884925908256796,99.79591836734694,0.05344200134277344
window_2,1.0,60.0,128.0,64.0,0.001,10.0,3.182409701795036e-05,0.004491545915116075,0.005641285050230166,0.9844091722395565,97.13701431492842,0.025383591651916504
window_3,1.0,60.0,128.0,64.0,0.001,10.0,1.7184499850631653e-05,0.0031937740287002214,0.004145419140525075,0.9401113276562096,99.38775510204081,0.027308940887451172
average,1.0,60.0,128.0,64.0,0.001,10.0,5.091927616559868e-05,0.00525460894561916,0.006657480288843186,0.9376710302404819,98.77356259477206,0.03537817671895027
