currency_pair,forecast_horizon,look_back,units,batch_size,learning_rate,epochs_run,mse,mae,rmse,r2_score,coverage_probability (%),interval_width,best_hyperparameters
AUDUSD,1,88,98,28,0.009283033321034898,35,1.320648732878206e-07,0.0002873087950480929,0.00036340731044906153,0.9997147611861494,82.68156424581005,0.0010617971,"{'epochs': 35, 'look_back': 88, 'units': 98, 'batch_size': 28, 'learning_rate': 0.009283033321034898}"
EURUSD,1,55,153,28,0.005433279016938587,41,1.047522491111848e-05,0.0025836399516219613,0.0032365452122778203,0.9911586246313809,62.735849056603776,0.006536483,"{'epochs': 41, 'look_back': 55, 'units': 153, 'batch_size': 28, 'learning_rate': 0.005433279016938587}"
GBPUSD,1,89,158,61,0.000508329760302099,45,7.450647751859289e-06,0.002007191569617636,0.0027295874691717226,0.9952652492053529,79.21348314606742,0.005393505,"{'epochs': 45, 'look_back': 89, 'units': 158, 'batch_size': 61, 'learning_rate': 0.000508329760302099}"
JPYUSD,1,87,181,26,0.000598450571133484,41,1.2980900351088771e-08,9.964947424599535e-05,0.00011393375422186688,0.8390903945816379,0.0,1.8101186e-05,"{'epochs': 41, 'look_back': 87, 'units': 181, 'batch_size': 26, 'learning_rate': 0.000598450571133484}"
NZDUSD,1,88,139,27,0.006750057703244414,46,3.4040911760592194e-07,0.00041984212021143783,0.000583445899467913,0.9993287798770153,75.41899441340783,0.0010927916,"{'epochs': 46, 'look_back': 88, 'units': 139, 'batch_size': 27, 'learning_rate': 0.006750057703244414}"
