type,forecast_horizon,look_back,units,batch_size,learning_rate,epochs_run,threshold,accuracy,precision,recall,f1_score,specificity
window_1,1.0,60.0,128.0,64.0,0.001,10.0,0.5,0.5244897959183673,0.0,0.0,0.0,1.0
window_2,1.0,60.0,128.0,64.0,0.001,10.0,0.5,0.49897750511247446,0.0,0.0,0.0,1.0
window_3,1.0,60.0,128.0,64.0,0.001,10.0,0.5,0.4816326530612245,0.0,0.0,0.0,1.0
average,1.0,60.0,128.0,64.0,0.001,10.0,0.5,0.5016999846973554,0.0,0.0,0.0,1.0
