type,forecast_horizon,look_back,units,batch_size,learning_rate,epochs_run,threshold,accuracy,precision,recall,f1_score,specificity
validation,1.0,60.0,128.0,64.0,0.001,10.0,0.49127620458602905,0.7295597484276729,0.6822429906542056,0.8902439024390244,0.7724867724867724,0.5584415584415584
window_1,1.0,60.0,128.0,64.0,0.001,10.0,0.49127620458602905,0.5157232704402516,0.5157232704402516,1.0,0.6804979253112033,0.0
window_2,1.0,60.0,128.0,64.0,0.001,10.0,0.49127620458602905,0.6666666666666666,0.6062992125984252,0.9625,0.7439613526570048,0.3670886075949367
window_3,1.0,60.0,128.0,64.0,0.001,10.0,0.49127620458602905,0.49056603773584906,0.49056603773584906,1.0,0.6582278481012658,0.0
window_4,1.0,60.0,128.0,64.0,0.001,10.0,0.49127620458602905,0.5974842767295597,0.6578947368421053,0.32894736842105265,0.43859649122807015,0.8433734939759037
window_5,1.0,60.0,128.0,64.0,0.001,10.0,0.49127620458602905,0.73125,0.8392857142857143,0.5802469135802469,0.6861313868613139,0.8860759493670886
average,1.0,60.0,128.0,64.0,0.001,10.0,0.49127623438835144,0.6218750000000001,0.6320019937594252,0.7936563640733872,0.6633169627742718,0.4424966015632479
