type,forecast_horizon,look_back,units,batch_size,learning_rate,epochs_run,threshold,accuracy,precision,recall,f1_score,specificity
window_1,1.0,60.0,128.0,64.0,0.001,10.0,0.5,0.47648261758691207,0.47648261758691207,1.0,0.6454293628808865,0.0
window_2,1.0,60.0,128.0,64.0,0.001,10.0,0.5,0.6850715746421268,0.625,0.9090909090909091,0.7407407407407407,0.46558704453441296
window_3,1.0,60.0,128.0,64.0,0.001,10.0,0.5,0.7224489795918367,0.7777777777777778,0.6099585062240664,0.6837209302325581,0.8313253012048193
average,1.0,60.0,128.0,64.0,0.001,10.0,0.5,0.6280010572736252,0.62642013178823,0.8396831384383252,0.6899636779513951,0.4323041152464107
