type,forecast_horizon,look_back,units,batch_size,learning_rate,epochs_run,threshold,accuracy,precision,recall,f1_score,specificity
window_1,1.0,60.0,128.0,64.0,0.001,10.0,0.5,0.710691823899371,0.7727272727272727,0.6219512195121951,0.6891891891891891,0.8051948051948052
window_2,1.0,60.0,128.0,64.0,0.001,10.0,0.5,0.5157232704402516,0.5157232704402516,1.0,0.6804979253112033,0.0
window_3,1.0,60.0,128.0,64.0,0.001,10.0,0.5,0.779874213836478,0.835820895522388,0.7,0.7619047619047619,0.8607594936708861
window_4,1.0,60.0,128.0,64.0,0.001,10.0,0.5,0.49056603773584906,0.49056603773584906,1.0,0.6582278481012658,0.0
window_5,1.0,60.0,128.0,64.0,0.001,10.0,0.5,0.5723270440251572,0.8333333333333334,0.13157894736842105,0.22727272727272727,0.9759036144578314
window_6,1.0,60.0,128.0,64.0,0.001,10.0,0.5,0.65,0.9629629629629629,0.32098765432098764,0.48148148148148145,0.9873417721518988
average,1.0,60.0,128.0,64.0,0.001,10.0,0.5,0.6198637316561845,0.7351889621203429,0.6290863035336007,0.5830956555434381,0.6048666142459036
