type,forecast_horizon,look_back,units,batch_size,learning_rate,epochs_run,threshold,accuracy,precision,recall,f1_score,specificity
window_1,1.0,60.0,128.0,64.0,0.001,10.0,0.5,0.5020408163265306,0.5020408163265306,1.0,0.6684782608695652,0.0
window_2,1.0,60.0,128.0,64.0,0.001,10.0,0.5,0.47443762781186094,0.7777777777777778,0.026717557251908396,0.05166051660516605,0.9911894273127754
window_3,1.0,60.0,128.0,64.0,0.001,10.0,0.5,0.49795918367346936,0.49795918367346936,1.0,0.6648501362397821,0.0
average,1.0,60.0,128.0,64.0,0.001,10.0,0.5,0.49147920927062033,0.5925925925925927,0.6755725190839694,0.46166297123817107,0.3303964757709251
