type,forecast_horizon,look_back,units,batch_size,learning_rate,epochs_run,threshold,accuracy,precision,recall,f1_score,specificity
window_1,1.0,60.0,128.0,64.0,0.001,10.0,0.5,0.47648261758691207,0.47648261758691207,1.0,0.6454293628808865,0.0
window_2,1.0,60.0,128.0,64.0,0.001,10.0,0.5,0.6952965235173824,0.6396396396396397,0.8801652892561983,0.7408695652173913,0.5141700404858299
window_3,1.0,60.0,128.0,64.0,0.001,10.0,0.5,0.7285714285714285,0.75,0.6721991701244814,0.7089715536105032,0.7831325301204819
average,1.0,60.0,128.0,64.0,0.001,10.0,0.5,0.6334501898919077,0.6220407524088506,0.8507881531268934,0.698423493902927,0.4324341902021039
