type,forecast_horizon,look_back,units,batch_size,learning_rate,epochs_run,threshold,accuracy,precision,recall,f1_score,specificity
window_1,1.0,60.0,128.0,64.0,0.001,10.0,0.5,0.5244897959183673,0.0,0.0,0.0,1.0
window_2,1.0,60.0,128.0,64.0,0.001,10.0,0.5,0.5010224948875256,0.5010224948875256,1.0,0.667574931880109,0.0
window_3,1.0,60.0,128.0,64.0,0.001,10.0,0.5,0.4816326530612245,0.0,0.0,0.0,1.0
average,1.0,60.0,128.0,64.0,0.001,10.0,0.5,0.5023816479557058,0.16700749829584186,0.3333333333333333,0.22252497729336965,0.6666666666666666
