type,forecast_horizon,look_back,units,batch_size,learning_rate,epochs_run,threshold,accuracy,precision,recall,f1_score,specificity
window_1,1.0,60.0,128.0,64.0,0.001,10.0,0.5,0.5183673469387755,0.0,0.0,0.0,0.996078431372549
window_2,1.0,60.0,128.0,64.0,0.001,10.0,0.5,0.4662576687116564,0.4662576687116564,1.0,0.6359832635983264,0.0
window_3,1.0,60.0,128.0,64.0,0.001,10.0,0.5,0.49795918367346936,0.8,0.01606425702811245,0.031496062992125984,0.995850622406639
average,1.0,60.0,128.0,64.0,0.001,10.0,0.5,0.4941947331079671,0.42208588957055215,0.3386880856760375,0.22249310886348414,0.6639763512597293
