type,forecast_horizon,look_back,units,batch_size,learning_rate,epochs_run,threshold,accuracy,precision,recall,f1_score,specificity
window_1,1.0,60.0,128.0,64.0,0.001,10.0,0.5,0.47648261758691207,0.47648261758691207,1.0,0.6454293628808865,0.0
window_2,1.0,60.0,128.0,64.0,0.001,10.0,0.5,0.6380368098159509,0.922077922077922,0.29338842975206614,0.445141065830721,0.9757085020242915
window_3,1.0,60.0,128.0,64.0,0.001,10.0,0.5,0.6183673469387755,0.5658536585365853,0.9626556016597511,0.7127496159754224,0.285140562248996
average,1.0,60.0,128.0,64.0,0.001,10.0,0.5,0.5776289247805462,0.6548047327338065,0.7520146771372724,0.6011066815623433,0.42028302142442914
