type,forecast_horizon,look_back,units,batch_size,learning_rate,epochs_run,threshold,accuracy,precision,recall,f1_score,specificity
validation,1.0,60.0,128.0,64.0,0.001,10.0,0.4910270571708679,0.7295597484276729,0.6788990825688074,0.9024390243902439,0.774869109947644,0.5454545454545454
window_1,1.0,60.0,128.0,64.0,0.001,10.0,0.4910270571708679,0.5157232704402516,0.5157232704402516,1.0,0.6804979253112033,0.0
window_2,1.0,60.0,128.0,64.0,0.001,10.0,0.4910270571708679,0.6540880503144654,0.5968992248062015,0.9625,0.7368421052631579,0.34177215189873417
window_3,1.0,60.0,128.0,64.0,0.001,10.0,0.4910270571708679,0.49056603773584906,0.49056603773584906,1.0,0.6582278481012658,0.0
window_4,1.0,60.0,128.0,64.0,0.001,10.0,0.4910270571708679,0.5974842767295597,0.6578947368421053,0.32894736842105265,0.43859649122807015,0.8433734939759037
window_5,1.0,60.0,128.0,64.0,0.001,10.0,0.4910270571708679,0.73125,0.8392857142857143,0.5802469135802469,0.6861313868613139,0.8860759493670886
average,1.0,60.0,128.0,64.0,0.001,10.0,0.4910270869731903,0.6197785639412997,0.6298780111131549,0.7956888843985905,0.6625274777854425,0.4361126901160453
