type,forecast_horizon,look_back,units,batch_size,learning_rate,epochs_run,threshold,accuracy,precision,recall,f1_score,specificity
window_1,1.0,60.0,128.0,64.0,0.001,10.0,0.5,0.5040816326530613,0.0,0.0,0.0,1.0
window_2,1.0,60.0,128.0,64.0,0.001,10.0,0.5,0.5214723926380368,0.49209932279909707,0.960352422907489,0.6507462686567164,0.14122137404580154
window_3,1.0,60.0,128.0,64.0,0.001,10.0,0.5,0.4959183673469388,0.0,0.0,0.0,1.0
average,1.0,60.0,128.0,64.0,0.001,10.0,0.5,0.5071574642126789,0.16403310759969902,0.3201174743024963,0.2169154228855721,0.7137404580152671
