type,forecast_horizon,look_back,units,batch_size,learning_rate,epochs_run,threshold,accuracy,precision,recall,f1_score,specificity
window_1,1.0,60.0,128.0,64.0,0.001,10.0,0.5,0.5244897959183673,0.0,0.0,0.0,1.0
window_2,1.0,60.0,128.0,64.0,0.001,10.0,0.5,0.5010224948875256,0.5010224948875256,1.0,0.667574931880109,0.0
window_3,1.0,60.0,128.0,64.0,0.001,10.0,0.5,0.4857142857142857,1.0,0.007874015748031496,0.015625,1.0
average,1.0,60.0,128.0,64.0,0.001,10.0,0.5,0.5037421921733929,0.5003408316291752,0.3359580052493438,0.227733310626703,0.6666666666666666
