type,forecast_horizon,look_back,units,batch_size,learning_rate,epochs_run,threshold,accuracy,precision,recall,f1_score,specificity
window_1,1.0,60.0,128.0,64.0,0.001,10.0,0.5,0.5163265306122449,0.4915254237288136,0.625,0.5502846299810247,0.4186046511627907
window_2,1.0,60.0,128.0,64.0,0.001,10.0,0.5,0.5010224948875256,0.5010224948875256,1.0,0.667574931880109,0.0
window_3,1.0,60.0,128.0,64.0,0.001,10.0,0.5,0.4816326530612245,0.0,0.0,0.0,1.0
average,1.0,60.0,128.0,64.0,0.001,10.0,0.5,0.49966055952033167,0.3308493062054464,0.5416666666666666,0.40595318728704455,0.4728682170542636
