type,forecast_horizon,look_back,units,batch_size,learning_rate,epochs_run,threshold,accuracy,precision,recall,f1_score,specificity
window_1,1.0,60.0,128.0,64.0,0.001,10.0,0.5,0.47648261758691207,0.47648261758691207,1.0,0.6454293628808865,0.0
window_2,1.0,60.0,128.0,64.0,0.001,10.0,0.5,0.4948875255623722,0.4948875255623722,1.0,0.6621067031463749,0.0
window_3,1.0,60.0,128.0,64.0,0.001,10.0,0.5,0.49183673469387756,0.49183673469387756,1.0,0.6593707250341997,0.0
average,1.0,60.0,128.0,64.0,0.001,10.0,0.5,0.4877356259477206,0.4877356259477206,1.0,0.655635597020487,0.0
