type,forecast_horizon,look_back,units,batch_size,learning_rate,epochs_run,threshold,accuracy,precision,recall,f1_score,specificity
window_1,1.0,60.0,128.0,64.0,0.001,10.0,0.5,0.6918238993710691,0.6987951807228916,0.7073170731707317,0.703030303030303,0.6753246753246753
window_2,1.0,60.0,128.0,64.0,0.001,10.0,0.5,0.5157232704402516,0.5157232704402516,1.0,0.6804979253112033,0.0
window_3,1.0,60.0,128.0,64.0,0.001,10.0,0.5,0.5220125786163522,0.5128205128205128,1.0,0.6779661016949152,0.0379746835443038
window_4,1.0,60.0,128.0,64.0,0.001,10.0,0.5,0.6792452830188679,0.8648648648648649,0.41025641025641024,0.5565217391304348,0.9382716049382716
window_5,1.0,60.0,128.0,64.0,0.001,10.0,0.5,0.5534591194968553,0.8571428571428571,0.07894736842105263,0.14457831325301204,0.9879518072289156
window_6,1.0,60.0,128.0,64.0,0.001,10.0,0.5,0.6,0.9473684210526315,0.2222222222222222,0.36,0.9873417721518988
average,1.0,60.0,128.0,64.0,0.001,10.0,0.5,0.5937106918238994,0.7327858511740016,0.5697905123450694,0.520432397069978,0.6044774238646775
