type,forecast_horizon,look_back,units,batch_size,learning_rate,epochs_run,threshold,accuracy,precision,recall,f1_score,specificity
window_1,1.0,60.0,128.0,64.0,0.001,10.0,0.5,0.47648261758691207,0.47648261758691207,1.0,0.6454293628808865,0.0
window_2,1.0,60.0,128.0,64.0,0.001,10.0,0.5,0.6993865030674846,0.6507936507936508,0.8471074380165289,0.7360861759425493,0.5546558704453441
window_3,1.0,60.0,128.0,64.0,0.001,10.0,0.5,0.7224489795918367,0.6791808873720137,0.8257261410788381,0.7453183520599251,0.6224899598393574
average,1.0,60.0,128.0,64.0,0.001,10.0,0.5,0.6327727000820779,0.6021523852508589,0.8909445263651223,0.7089446302944538,0.39238194342823385
