type,forecast_horizon,look_back,units,batch_size,learning_rate,epochs_run,threshold,accuracy,precision,recall,f1_score,specificity
window_1,1.0,60.0,128.0,64.0,0.001,10.0,0.5,0.47648261758691207,0.47648261758691207,1.0,0.6454293628808865,0.0
window_2,1.0,60.0,128.0,64.0,0.001,10.0,0.5,0.5051124744376279,0.0,0.0,0.0,1.0
window_3,1.0,60.0,128.0,64.0,0.001,10.0,0.5,0.5081632653061224,0.0,0.0,0.0,1.0
average,1.0,60.0,128.0,64.0,0.001,10.0,0.5,0.4965861191102208,0.15882753919563736,0.3333333333333333,0.2151431209602955,0.6666666666666666
