type,forecast_horizon,look_back,units,batch_size,learning_rate,epochs_run,threshold,accuracy,precision,recall,f1_score,specificity
window_1,1.0,60.0,128.0,64.0,0.001,10.0,0.5,0.8650306748466258,0.0,0.0,0.0,1.0
window_2,1.0,60.0,128.0,64.0,0.001,10.0,0.5,0.8793456032719836,0.0,0.0,0.0,1.0
window_3,1.0,60.0,128.0,64.0,0.001,10.0,0.5,0.8530612244897959,0.0,0.0,0.0,1.0
average,1.0,60.0,128.0,64.0,0.001,10.0,0.5,0.8658125008694685,0.0,0.0,0.0,1.0
