type,forecast_horizon,look_back,units,batch_size,learning_rate,epochs_run,threshold,accuracy,precision,recall,f1_score,specificity
window_1,1.0,60.0,128.0,64.0,0.001,10.0,0.5,0.6289308176100629,0.5864661654135338,0.9512195121951219,0.7255813953488373,0.2857142857142857
window_2,1.0,60.0,128.0,64.0,0.001,10.0,0.5,0.5157232704402516,0.5157232704402516,1.0,0.6804979253112033,0.0
window_3,1.0,60.0,128.0,64.0,0.001,10.0,0.5,0.6666666666666666,0.6046511627906976,0.975,0.7464114832535885,0.35443037974683544
window_4,1.0,60.0,128.0,64.0,0.001,10.0,0.5,0.49056603773584906,0.49056603773584906,1.0,0.6582278481012658,0.0
window_5,1.0,60.0,128.0,64.0,0.001,10.0,0.5,0.559748427672956,0.8,0.10526315789473684,0.18604651162790697,0.9759036144578314
window_6,1.0,60.0,128.0,64.0,0.001,10.0,0.5,0.5,1.0,0.012345679012345678,0.024390243902439025,1.0
average,1.0,60.0,128.0,64.0,0.001,10.0,0.5,0.560272536687631,0.666234439396722,0.6739713915170341,0.5035259012575402,0.4360080466531588
