type,forecast_horizon,look_back,units,batch_size,learning_rate,epochs_run,threshold,accuracy,precision,recall,f1_score,specificity
validation,1.0,60.0,128.0,64.0,0.001,10.0,0.491410078120661,0.7295597484276729,0.6822429906542056,0.8902439024390244,0.7724867724867724,0.5584415584415584
window_1,1.0,60.0,128.0,64.0,0.001,10.0,0.491410078120661,0.5157232704402516,0.5157232704402516,1.0,0.6804979253112033,0.0
window_2,1.0,60.0,128.0,64.0,0.001,10.0,0.491410078120661,0.6729559748427673,0.6111111111111112,0.9625,0.7475728155339806,0.379746835443038
window_3,1.0,60.0,128.0,64.0,0.001,10.0,0.491410078120661,0.49056603773584906,0.49056603773584906,1.0,0.6582278481012658,0.0
window_4,1.0,60.0,128.0,64.0,0.001,10.0,0.491410078120661,0.5974842767295597,0.6666666666666666,0.3157894736842105,0.42857142857142855,0.8554216867469879
window_5,1.0,60.0,128.0,64.0,0.001,10.0,0.491410078120661,0.73125,0.8518518518518519,0.5679012345679012,0.6814814814814815,0.8987341772151899
average,1.0,60.0,128.0,64.0,0.001,10.0,0.491410078120661,0.6229232180293501,0.6363603214099892,0.7894057684485226,0.6614730452476887,0.44872404297446233
