type,forecast_horizon,look_back,units,batch_size,learning_rate,epochs_run,mse,mae,rmse,r2_score,coverage_probability (%),interval_width,best_hyperparameters
window_1,1.0,50.0,188.0,115.0,0.009193085594517453,43.0,2.5279060672740828e-05,0.004013584719763862,0.005027828624042473,0.8936397168058086,100.0,0.035379182547330856,"{'look_back': 50, 'units': 188, 'batch_size': 115, 'learning_rate': 0.009193085594517453, 'epochs': 43}"
window_2,1.0,40.0,198.0,28.0,0.001421787117484474,42.0,8.162892018770407e-06,0.0021546399768661052,0.002857077531109439,0.8175322633904047,100.0,0.0189208984375,"{'look_back': 40, 'units': 198, 'batch_size': 28, 'learning_rate': 0.001421787117484474, 'epochs': 42}"
window_3,1.0,71.0,192.0,28.0,0.001844122621786249,38.0,2.6993598014134767e-05,0.003971010446548467,0.005195536354808305,0.9484399455459973,92.3076923076923,0.020078301429748535,"{'look_back': 71, 'units': 192, 'batch_size': 28, 'learning_rate': 0.001844122621786249, 'epochs': 38}"
window_4,1.0,80.0,128.0,16.0,0.00818225484317586,20.0,8.298731592433948e-06,0.0021082026263077986,0.0028807519144199052,0.842201898373918,98.95833333333334,0.015855908393859863,"{'look_back': 80, 'units': 128, 'batch_size': 16, 'learning_rate': 0.00818225484317586, 'epochs': 20}"
window_5,1.0,31.0,59.0,124.0,0.007575705936621997,11.0,0.00014904213774086795,0.009506166392359235,0.012208281522838009,0.7647129034900843,80.6896551724138,0.03057742305099964,"{'look_back': 31, 'units': 59, 'batch_size': 124, 'learning_rate': 0.007575705936621997, 'epochs': 11}"
window_6,1.0,117.0,89.0,123.0,0.002071318498799557,14.0,3.542642304533359e-05,0.0046342671927759255,0.005952010000439649,0.6258754272359179,98.30508474576271,0.027023673057556152,"{'look_back': 117, 'units': 89, 'batch_size': 123, 'learning_rate': 0.002071318498799557, 'epochs': 14}"
average,1.0,64.83333333333333,142.33333333333334,72.33333333333333,0.0050480457687309315,28.0,4.220047384738025e-05,0.004397978559103566,0.0056869143246096295,0.8154003591403551,95.04346092653368,0.024639232084155083,
