type,forecast_horizon,look_back,units,batch_size,learning_rate,epochs_run,threshold,accuracy,precision,recall,f1_score,specificity
window_1_test,1.0,38.0,148.0,64.0,0.005999295440775169,48.0,0.4872822165489197,0.6906077348066298,0.78125,0.5434782608695652,0.6410256410256411,0.8426966292134831
window_2_test,1.0,119.0,153.0,50.0,0.005054674553467464,29.0,0.510068953037262,0.51,0.0,0.0,0.0,1.0
window_3_test,1.0,46.0,71.0,55.0,0.00563332849390153,35.0,0.504163384437561,0.7745664739884393,0.873015873015873,0.6395348837209303,0.738255033557047,0.9080459770114943
window_4_test,1.0,64.0,189.0,121.0,0.00990984683805653,17.0,0.4550864100456238,0.49032258064516127,0.49032258064516127,1.0,0.658008658008658,0.0
window_5_test,1.0,118.0,110.0,22.0,0.007482923216407448,31.0,0.507543683052063,0.6732673267326733,0.6904761904761905,0.5918367346938775,0.6373626373626373,0.75
window_6_test,1.0,104.0,61.0,105.0,0.008497687266160812,14.0,0.5821830630302429,0.603448275862069,0.875,0.2413793103448276,0.3783783783783784,0.9655172413793104
average,1.0,81.5,122.0,69.5,0.007096292634794826,29.0,0.5077213048934937,0.6237020653391622,0.618344107356204,0.5027048649382001,0.508838391388727,0.7443766412673813
