type,forecast_horizon,look_back,units,batch_size,learning_rate,epochs_run,mse,mae,rmse,r2_score,coverage_probability (%),interval_width,best_hyperparameters
window_1,1.0,103.0,76.0,45.0,0.007212434729800009,36.0,7.51628641095564e-05,0.005823545476310274,0.00866965190244432,0.660221024674142,95.72649572649573,0.027284735813736916,"{'epochs': 36, 'look_back': 103, 'units': 76, 'batch_size': 45, 'learning_rate': 0.007212434729800009}"
window_2,1.0,48.0,88.0,58.0,0.0020001605155704387,45.0,3.5078411872857284e-05,0.004571549074594365,0.005922703088359004,0.9454910798205385,99.4186046511628,0.03273487091064453,"{'epochs': 45, 'look_back': 48, 'units': 88, 'batch_size': 58, 'learning_rate': 0.0020001605155704387}"
window_3,1.0,113.0,128.0,22.0,0.003636646776580298,13.0,1.777643276023936e-05,0.002982417556727044,0.004216210711081618,0.9633592499594081,96.26168224299066,0.01777172088623047,"{'epochs': 13, 'look_back': 113, 'units': 128, 'batch_size': 22, 'learning_rate': 0.003636646776580298}"
window_4,1.0,109.0,69.0,19.0,0.0035988948129965287,19.0,1.8244690180913516e-05,0.003459216238142134,0.00427138036013108,0.9151526441866645,99.09909909909909,0.02144802361726761,"{'epochs': 19, 'look_back': 109, 'units': 69, 'batch_size': 19, 'learning_rate': 0.0035988948129965287}"
window_5,1.0,120.0,70.0,75.0,0.004728290977105968,35.0,1.111017491949856e-05,0.0025363227333685366,0.0033331929016332915,0.9182758974184966,93.93939393939394,0.014276742935180664,"{'epochs': 35, 'look_back': 120, 'units': 70, 'batch_size': 75, 'learning_rate': 0.004728290977105968}"
window_6,1.0,46.0,55.0,29.0,0.005160247422672792,34.0,2.4914048426920598e-05,0.003834865559106583,0.004991397442292148,0.9508344123910333,98.27586206896551,0.024457570165395737,"{'epochs': 34, 'look_back': 46, 'units': 55, 'batch_size': 29, 'learning_rate': 0.005160247422672792}"
average,1.0,89.83333333333333,81.0,41.333333333333336,0.004389445872454339,30.333333333333332,3.038110371166429e-05,0.0038679861063748225,0.005234089400990243,0.8922223847417138,97.12018962135129,0.022995611652731895,
