type,forecast_horizon,look_back,units,batch_size,learning_rate,epochs_run,threshold,accuracy,precision,recall,f1_score,specificity
window_1_test,1.0,30.0,72.0,69.0,0.008636584025560574,45.0,0.47588345408439636,0.7513227513227513,0.8,0.6938775510204082,0.7431693989071039,0.8131868131868132
window_2_test,1.0,88.0,116.0,73.0,0.004187709666230154,38.0,0.47072750329971313,0.7709923664122137,0.7297297297297297,0.84375,0.782608695652174,0.7014925373134329
window_3_test,1.0,34.0,87.0,54.0,0.0051676605287265176,33.0,0.4262751042842865,0.7945945945945946,0.8271604938271605,0.7362637362637363,0.7790697674418605,0.851063829787234
window_4_test,1.0,101.0,50.0,90.0,0.0012300318359610746,35.0,0.5779200792312622,0.711864406779661,0.775,0.5535714285714286,0.6458333333333334,0.8548387096774194
window_5_test,1.0,116.0,70.0,86.0,0.006241447701343824,31.0,0.5849612951278687,0.6893203883495146,0.95,0.38,0.5428571428571428,0.9811320754716981
window_6_test,1.0,96.0,107.0,119.0,0.0004983565075572789,50.0,0.5122591257095337,0.7338709677419355,0.8043478260869565,0.6065573770491803,0.6915887850467289,0.8571428571428571
average,1.0,77.5,83.66666666666667,81.83333333333333,0.004326965044229904,38.666666666666664,0.5080044269561768,0.7419942458667785,0.8143730082739745,0.6356700154841255,0.6975211872063906,0.8431428037632425
