type,forecast_horizon,look_back,units,batch_size,learning_rate,epochs_run,threshold,accuracy,precision,recall,f1_score,specificity
window_1,1.0,34.0,100.0,73.0,0.0039025740356564303,40.0,0.5608866214752197,0.745945945945946,0.8024691358024691,0.6770833333333334,0.7344632768361582,0.8202247191011236
window_2,1.0,58.0,74.0,59.0,0.007838662250189126,41.0,0.4781033992767334,0.6708074534161491,0.6933333333333334,0.6341463414634146,0.6624203821656051,0.7088607594936709
window_3,1.0,68.0,150.0,42.0,0.008542348553505935,15.0,0.47478780150413513,0.7947019867549668,0.8548387096774194,0.7066666666666667,0.7737226277372263,0.881578947368421
window_4,1.0,72.0,145.0,69.0,0.002504686638770518,49.0,0.5586426854133606,0.7346938775510204,0.7796610169491526,0.6388888888888888,0.7022900763358778,0.8266666666666667
window_5,1.0,96.0,131.0,80.0,0.0047216619631422945,31.0,0.5446420907974243,0.6991869918699187,0.7894736842105263,0.5084745762711864,0.6185567010309279,0.875
window_6,1.0,43.0,97.0,115.0,0.007089438903767606,38.0,0.4424684941768646,0.7457627118644068,0.7391304347826086,0.7640449438202247,0.7513812154696132,0.7272727272727273
average,1.0,61.833333333333336,116.16666666666667,73.0,0.0057665620575053185,35.666666666666664,0.5099218487739563,0.7318498279004012,0.7764843857925849,0.6548841250739524,0.7071390465959014,0.8066006366504349
