type,forecast_horizon,look_back,units,batch_size,learning_rate,epochs_run,threshold,accuracy,precision,recall,f1_score,specificity
window_1,1.0,36.0,96.0,43.0,0.0025168827653184195,41.0,0.5318647027015686,0.7377049180327869,0.8194444444444444,0.6276595744680851,0.7108433734939759,0.8539325842696629
window_2,1.0,66.0,70.0,62.0,0.004546895580003887,35.0,0.6420749425888062,0.7254901960784313,0.7126436781609196,0.7848101265822784,0.7469879518072289,0.6621621621621622
window_3,1.0,31.0,80.0,65.0,0.004987317735700016,39.0,0.5875705480575562,0.7819148936170213,0.8591549295774648,0.6630434782608695,0.7484662576687117,0.8958333333333334
window_4,1.0,95.0,87.0,16.0,0.0019332286153041557,38.0,0.5152942538261414,0.75,0.7101449275362319,0.8166666666666667,0.7596899224806202,0.6875
window_5,1.0,86.0,72.0,28.0,0.005704253971874872,25.0,0.5399332642555237,0.7443609022556391,0.8888888888888888,0.5161290322580645,0.6530612244897959,0.9436619718309859
window_6,1.0,95.0,93.0,30.0,0.008387268027720593,15.0,0.41567906737327576,0.736,0.7301587301587301,0.7419354838709677,0.736,0.7301587301587301
average,1.0,68.16666666666667,83.0,40.666666666666664,0.004679307782653657,32.166666666666664,0.53873610496521,0.7459118183306465,0.7867392664611134,0.6917073936844886,0.7258414549900554,0.7955414636258125
