type,forecast_horizon,look_back,units,batch_size,learning_rate,epochs_run,threshold,accuracy,precision,recall,f1_score,specificity
window_1_test,1.0,30.0,150.0,32.0,0.005,30.0,0.48195040225982666,0.7195767195767195,0.7777777777777778,0.6428571428571429,0.7039106145251397,0.8021978021978022
window_2_test,1.0,120.0,100.0,112.0,0.005,50.0,0.475491464138031,0.48484848484848486,0.48484848484848486,1.0,0.6530612244897959,0.0
window_3_test,1.0,30.0,150.0,64.0,0.005,40.0,0.5118045806884766,0.7724867724867724,0.7976190476190477,0.7204301075268817,0.7570621468926554,0.8229166666666666
window_4_test,1.0,60.0,200.0,64.0,0.005,50.0,0.5290935039520264,0.7421383647798742,0.7228915662650602,0.7692307692307693,0.7453416149068323,0.7160493827160493
window_5_test,1.0,60.0,50.0,48.0,0.01,40.0,0.5285708904266357,0.6918238993710691,0.7142857142857143,0.5921052631578947,0.6474820143884892,0.7831325301204819
window_6_test,1.0,90.0,200.0,32.0,0.0001,50.0,0.4985179901123047,0.7307692307692307,0.8125,0.6,0.6902654867256637,0.8615384615384616
average,1.0,65.0,141.66666666666666,58.666666666666664,0.005016666666666667,43.333333333333336,0.5042381286621094,0.690273911972025,0.7183204317993476,0.7207705471287813,0.699520516988096,0.664305807206577
