type,forecast_horizon,look_back,units,batch_size,learning_rate,epochs_run,threshold,accuracy,precision,recall,f1_score,specificity
window_1_test,1.0,50.0,188.0,115.0,0.009193085594517453,43.0,0.4537094235420227,0.7810650887573964,0.7525773195876289,0.8488372093023255,0.7978142076502732,0.7108433734939759
window_2_test,1.0,38.0,197.0,29.0,0.0019509023727577249,44.0,0.5438904762268066,0.6961325966850829,0.6507936507936508,0.8817204301075269,0.7488584474885844,0.5
window_3_test,1.0,40.0,169.0,118.0,0.0007009318640319099,50.0,0.4570896625518799,0.776536312849162,0.7378640776699029,0.8539325842696629,0.7916666666666666,0.7
window_4_test,1.0,114.0,199.0,43.0,0.009980245099359086,47.0,0.5676809549331665,0.7142857142857143,0.65625,0.84,0.7368421052631579,0.6
window_5_test,1.0,31.0,193.0,116.0,0.0020657437791698143,48.0,0.41506195068359375,0.7340425531914894,0.664,0.9120879120879121,0.7685185185185185,0.5670103092783505
window_6_test,1.0,57.0,199.0,54.0,0.005883924264605794,19.0,0.4328886866569519,0.7116564417177914,0.6804123711340206,0.8048780487804879,0.7374301675977654,0.6172839506172839
average,1.0,55.0,190.83333333333334,79.16666666666667,0.004962472162406964,41.833333333333336,0.47838684916496277,0.7356197845811061,0.6903162365308672,0.8569093640913191,0.7635216855308277,0.6158562722316017
