type,forecast_horizon,look_back,units,batch_size,learning_rate,epochs_run,threshold,accuracy,precision,recall,f1_score,specificity
window_1_test,1.0,30.0,200.0,16.0,0.004390230402721619,44.0,0.5011121034622192,0.7248677248677249,0.8026315789473685,0.6224489795918368,0.7011494252873564,0.8351648351648352
window_2_test,1.0,120.0,97.0,24.0,0.0020376361247614536,50.0,0.4829098582267761,0.6767676767676768,0.6111111111111112,0.9166666666666666,0.7333333333333333,0.45098039215686275
window_3_test,1.0,62.0,91.0,60.0,0.003515768748400356,38.0,0.47739124298095703,0.7834394904458599,0.8666666666666667,0.6666666666666666,0.7536231884057971,0.8987341772151899
window_4_test,1.0,70.0,199.0,38.0,0.00843688174683133,20.0,0.5548204779624939,0.7651006711409396,0.7375,0.8082191780821918,0.7712418300653595,0.7236842105263158
window_5_test,1.0,87.0,50.0,123.0,0.005923605934162301,23.0,0.579797625541687,0.7272727272727273,0.8823529411764706,0.4838709677419355,0.625,0.9428571428571428
window_6_test,1.0,95.0,76.0,95.0,0.008927635174421767,46.0,0.5377397537231445,0.704,0.8048780487804879,0.532258064516129,0.6407766990291263,0.873015873015873
average,1.0,77.33333333333333,118.83333333333333,59.333333333333336,0.005538626355216471,36.833333333333336,0.5222951769828796,0.7302413817491548,0.7841900577803509,0.6716884205442377,0.7041874126868287,0.7874061051560366
