type,forecast_horizon,look_back,units,batch_size,learning_rate,epochs_run,threshold,accuracy,precision,recall,f1_score,specificity
window_1_test,1.0,44.0,83.0,64.0,0.002822790251854281,50.0,0.5336536169052124,0.7085714285714285,0.782608695652174,0.6,0.6792452830188679,0.8235294117647058
window_2_test,1.0,116.0,148.0,86.0,0.0025947582711649173,45.0,0.5127785801887512,0.7281553398058253,0.7446808510638298,0.6862745098039216,0.7142857142857143,0.7692307692307693
window_3_test,1.0,62.0,92.0,100.0,0.0064527750985472025,31.0,0.48432451486587524,0.7643312101910829,0.8596491228070176,0.6282051282051282,0.725925925925926,0.8987341772151899
window_4_test,1.0,73.0,173.0,97.0,0.0033188569957671075,14.0,0.010396931320428848,0.4863013698630137,0.4863013698630137,1.0,0.6543778801843319,0.0
window_5_test,1.0,116.0,143.0,22.0,0.0048498512187857366,42.0,0.5177602767944336,0.5145631067961165,0.0,0.0,0.0,1.0
window_6_test,1.0,93.0,136.0,20.0,0.004755450560720393,42.0,0.6343418955802917,0.7007874015748031,0.6712328767123288,0.7777777777777778,0.7205882352941176,0.625
average,1.0,84.0,129.16666666666666,64.83333333333333,0.004132413732806606,37.333333333333336,0.4488759934902191,0.6504516428003784,0.590745486016394,0.6153762359644712,0.5824038397848262,0.6860823930351109
