forecast_horizon,look_back,mse,mae,rmse,r2_score,coverage_probability (%),interval_width
1,2880,6.662040792672922e-05,0.006746509879106683,0.008162132559982667,0.6146235228585075,100.0,0.049888727058347015
